Date,Product,Region,Units Sold,Unit Price,Total Sales
2023-04-13,Tablet,West,13,213,2769
2023-06-29,Tablet,East,4,1181,4724
2023-04-03,Laptop,South,11,253,2783
2023-01-15,Monitor,South,18,1389,25002
2023-04-17,Headphones,South,11,414,4554
2023-03-13,Tablet,West,4,1164,4656
2023-01-21,Laptop,East,18,204,3672
2023-04-13,Headphones,East,1,1316,1316
2023-05-02,Monitor,North,7,1401,9807
2023-03-16,Tablet,North,6,453,2718
2023-03-29,Headphones,East,15,1115,16725
2023-04-27,Headphones,East,18,832,14976
2023-04-10,Headphones,East,11,808,8888
2023-04-14,Tablet,West,15,1379,20685
2023-06-01,Tablet,East,16,750,12000
2023-05-11,Smartphone,North,7,923,6461
2023-05-30,Monitor,West,10,1046,10460
2023-02-22,Laptop,East,12,760,9120
2023-01-02,Headphones,North,14,198,2772
2023-03-29,Smartphone,West,5,687,3435
2023-06-07,Laptop,East,18,381,6858
2023-02-07,Smartphone,East,5,502,2510
2023-05-10,Tablet,East,3,1232,3696
2023-01-21,Headphones,West,5,799,3995
2023-06-10,Laptop,North,17,298,5066
2023-02-27,Laptop,North,19,1426,27094
2023-01-22,Laptop,South,19,426,8094
2023-03-30,Laptop,East,12,253,3036
2023-02-18,Laptop,South,9,651,5859
2023-02-28,Smartphone,South,1,504,504
2023-06-19,Headphones,North,18,561,10098
2023-01-15,Tablet,West,4,231,924
2023-06-24,Tablet,West,10,890,8900
2023-02-20,Tablet,North,7,973,6811
2023-04-18,Tablet,West,1,183,183
2023-02-24,Smartphone,South,17,853,14501
2023-03-05,Monitor,East,2,727,1454
2023-05-11,Headphones,North,11,1232,13552
2023-02-20,Laptop,East,9,320,2880
2023-05-15,Monitor,West,7,652,4564
2023-01-21,Tablet,East,17,1491,25347
2023-03-14,Monitor,West,17,1270,21590
2023-06-16,Headphones,West,2,211,422
2023-01-18,Laptop,South,6,714,4284
2023-05-12,Laptop,West,14,1023,14322
2023-03-30,Headphones,South,6,574,3444
2023-03-01,Headphones,South,2,935,1870
2023-01-14,Tablet,South,1,370,370
2023-01-09,Laptop,North,10,520,5200
2023-03-31,Monitor,North,5,806,4030
2023-02-22,Smartphone,West,2,1490,2980
2023-05-10,Smartphone,South,16,1403,22448
2023-03-25,Headphones,North,2,1406,2812
2023-04-02,Tablet,South,10,139,1390
2023-04-21,Smartphone,East,2,288,576
2023-06-21,Laptop,East,16,1287,20592
2023-01-08,Headphones,East,16,1093,17488
2023-06-24,Monitor,West,19,635,12065
2023-02-04,Headphones,South,7,1127,7889
2023-03-22,Monitor,East,12,389,4668
2023-06-13,Headphones,North,15,532,7980
2023-02-19,Headphones,East,8,570,4560
2023-04-14,Headphones,East,6,1304,7824
2023-05-12,Monitor,East,10,1371,13710
2023-01-02,Monitor,West,3,727,2181
2023-05-14,Headphones,North,19,378,7182
2023-02-23,Smartphone,South,17,976,16592
2023-04-16,Tablet,North,7,680,4760
2023-01-04,Tablet,South,4,962,3848
2023-02-23,Tablet,West,14,353,4942
2023-05-26,Monitor,West,15,280,4200
2023-02-13,Monitor,West,8,780,6240
2023-06-11,Smartphone,West,15,924,13860
2023-01-14,Tablet,South,14,799,11186
2023-04-05,Tablet,East,9,665,5985
2023-02-17,Headphones,South,8,1449,11592
2023-01-15,Monitor,North,17,1480,25160
2023-02-09,Tablet,West,2,779,1558
2023-03-23,Smartphone,West,3,490,1470
2023-04-21,Smartphone,North,8,1208,9664
2023-02-22,Tablet,South,12,1440,17280
2023-01-24,Monitor,East,1,311,311
2023-06-03,Smartphone,East,10,483,4830
2023-05-04,Headphones,North,3,441,1323
2023-02-10,Smartphone,East,6,943,5658
2023-06-06,Laptop,South,7,1161,8127
2023-01-15,Laptop,South,18,519,9342
2023-02-14,Monitor,North,11,850,9350
2023-03-06,Tablet,South,19,1292,24548
2023-03-30,Monitor,West,5,1466,7330
2023-03-12,Monitor,North,19,405,7695
2023-01-09,Monitor,South,11,801,8811
2023-03-29,Monitor,North,12,968,11616
2023-05-09,Headphones,East,10,636,6360
2023-05-16,Headphones,South,8,1235,9880
2023-03-04,Smartphone,West,9,305,2745
2023-05-19,Laptop,South,4,1308,5232
2023-03-22,Monitor,North,5,595,2975
2023-05-16,Smartphone,North,8,1170,9360
2023-06-12,Laptop,South,9,603,5427
2023-06-12,Tablet,West,15,1145,17175
2023-02-02,Headphones,West,15,312,4680
2023-05-03,Laptop,West,16,409,6544
2023-01-05,Tablet,North,14,760,10640
2023-02-10,Laptop,South,8,852,6816
2023-01-28,Headphones,East,18,371,6678
2023-05-15,Headphones,North,10,1037,10370
2023-03-13,Smartphone,West,6,1325,7950
2023-01-12,Monitor,South,12,131,1572
2023-06-11,Laptop,West,2,542,1084
2023-02-02,Laptop,East,7,261,1827
2023-02-17,Tablet,West,16,866,13856
2023-05-31,Headphones,West,3,353,1059
2023-03-03,Laptop,East,13,620,8060
2023-02-06,Headphones,South,3,1076,3228
2023-04-09,Laptop,North,18,109,1962
2023-06-21,Smartphone,South,11,825,9075
2023-04-14,Monitor,East,8,604,4832
2023-02-04,Laptop,West,6,884,5304
2023-04-11,Headphones,South,1,535,535
2023-06-24,Smartphone,North,1,1234,1234
2023-05-11,Laptop,East,8,252,2016
2023-01-01,Tablet,South,5,1016,5080
2023-01-05,Monitor,North,16,968,15488
2023-05-22,Laptop,East,11,1225,13475
2023-04-13,Smartphone,North,5,852,4260
2023-01-27,Tablet,East,4,1314,5256
2023-05-17,Smartphone,West,6,662,3972
2023-01-15,Smartphone,South,14,1204,16856
2023-03-31,Tablet,North,19,588,11172
2023-02-11,Smartphone,East,9,994,8946
2023-05-04,Tablet,North,12,1211,14532
2023-06-28,Laptop,North,11,1317,14487
2023-03-04,Tablet,South,14,203,2842
2023-04-06,Tablet,West,16,1219,19504
2023-02-21,Monitor,North,1,1321,1321
2023-04-06,Tablet,East,13,1124,14612
2023-05-12,Tablet,East,13,1106,14378
2023-05-31,Laptop,West,2,506,1012
2023-05-23,Monitor,East,4,266,1064
2023-06-20,Headphones,West,6,608,3648
2023-01-29,Laptop,East,5,412,2060
2023-02-05,Laptop,South,3,862,2586
2023-01-13,Headphones,North,1,780,780
2023-06-09,Tablet,South,4,576,2304
2023-03-12,Smartphone,North,2,172,344
2023-03-27,Monitor,North,5,1264,6320
2023-01-28,Smartphone,North,3,681,2043
2023-03-07,Headphones,South,9,361,3249
2023-06-19,Laptop,North,6,1463,8778
2023-02-14,Laptop,South,18,1431,25758
2023-03-03,Monitor,West,6,344,2064
2023-05-14,Laptop,East,19,1460,27740
2023-01-28,Laptop,East,12,660,7920
2023-01-28,Monitor,North,11,1199,13189
2023-04-18,Monitor,South,2,274,548
2023-02-13,Headphones,East,15,208,3120
2023-03-25,Laptop,South,12,282,3384
2023-01-30,Laptop,South,12,291,3492
2023-03-16,Headphones,North,9,164,1476
2023-05-08,Tablet,East,2,1062,2124
2023-04-02,Tablet,North,3,1223,3669
2023-05-09,Tablet,North,12,963,11556
2023-05-01,Headphones,East,16,1251,20016
2023-01-27,Laptop,East,1,468,468
2023-05-01,Headphones,West,3,950,2850
2023-04-26,Headphones,West,2,142,284
2023-01-03,Tablet,South,9,587,5283
2023-04-13,Smartphone,East,19,177,3363
2023-06-04,Laptop,West,15,925,13875
2023-05-17,Tablet,South,18,1393,25074
2023-03-03,Smartphone,South,11,773,8503
2023-06-14,Smartphone,South,16,800,12800
2023-02-20,Monitor,West,17,858,14586
2023-06-21,Laptop,East,5,827,4135
2023-06-01,Smartphone,North,12,1438,17256
2023-02-28,Tablet,South,11,1024,11264
2023-04-28,Monitor,West,15,1001,15015
2023-06-09,Laptop,West,3,988,2964
2023-04-06,Headphones,North,1,1092,1092
2023-06-29,Tablet,North,16,1291,20656
2023-04-23,Smartphone,West,2,438,876
2023-03-03,Smartphone,East,2,292,584
2023-02-21,Tablet,North,3,382,1146
2023-01-12,Smartphone,West,8,1459,11672
2023-02-08,Monitor,North,15,489,7335
2023-05-10,Laptop,East,7,1099,7693
2023-05-11,Monitor,South,6,624,3744
2023-04-23,Smartphone,North,9,1363,12267
2023-04-11,Headphones,East,1,758,758
2023-04-23,Laptop,West,8,815,6520
2023-03-22,Laptop,North,3,990,2970
2023-04-23,Tablet,North,4,1212,4848
2023-01-02,Tablet,West,15,1218,18270
2023-05-10,Headphones,South,6,551,3306
2023-02-23,Laptop,West,15,527,7905
2023-03-28,Headphones,North,3,1274,3822
2023-05-09,Tablet,West,14,1499,20986
2023-05-27,Tablet,East,14,1145,16030
2023-05-06,Laptop,West,4,982,3928
2023-05-10,Monitor,North,12,412,4944
2023-02-22,Smartphone,West,17,939,15963
2023-06-21,Tablet,South,7,618,4326
2023-06-09,Tablet,West,9,1329,11961
2023-06-09,Monitor,South,3,474,1422
2023-03-09,Monitor,East,13,550,7150
2023-05-03,Headphones,South,15,1114,16710
2023-05-25,Headphones,West,18,694,12492
2023-02-07,Smartphone,North,19,1302,24738
2023-01-24,Smartphone,South,1,1333,1333
2023-03-10,Laptop,East,6,599,3594
2023-04-26,Headphones,South,2,563,1126
2023-04-08,Tablet,South,14,1247,17458
2023-05-19,Headphones,South,6,212,1272
2023-05-24,Tablet,East,14,1135,15890
2023-04-07,Monitor,West,4,1249,4996
2023-05-04,Headphones,South,8,430,3440
2023-03-11,Monitor,South,3,1406,4218
2023-04-03,Smartphone,North,19,239,4541
2023-01-03,Smartphone,East,14,1001,14014
2023-05-28,Laptop,South,17,1220,20740
2023-06-13,Headphones,East,8,616,4928
2023-05-27,Monitor,South,14,668,9352
2023-03-31,Tablet,West,6,945,5670
2023-05-27,Smartphone,West,16,1192,19072
2023-05-28,Smartphone,South,19,217,4123
2023-04-06,Tablet,West,14,987,13818
2023-02-21,Monitor,South,19,1182,22458
2023-06-10,Monitor,West,3,1156,3468
2023-06-17,Headphones,North,10,1441,14410
2023-05-08,Headphones,North,19,149,2831
2023-02-08,Laptop,North,9,118,1062
2023-03-23,Smartphone,East,13,825,10725
2023-04-14,Headphones,East,7,296,2072
2023-05-09,Monitor,North,14,658,9212
2023-01-11,Tablet,East,9,551,4959
2023-06-27,Monitor,West,19,388,7372
2023-05-31,Smartphone,South,15,1264,18960
2023-06-08,Monitor,South,14,1207,16898
2023-02-11,Laptop,South,6,490,2940
2023-04-09,Smartphone,North,4,314,1256
2023-01-07,Tablet,East,8,314,2512
2023-05-24,Laptop,West,17,227,3859
2023-03-31,Smartphone,West,9,859,7731
2023-04-22,Tablet,North,1,503,503
2023-03-01,Laptop,West,14,1152,16128
2023-04-23,Laptop,West,11,437,4807
2023-01-02,Smartphone,West,3,930,2790
2023-05-09,Headphones,West,9,813,7317
2023-02-17,Laptop,East,14,460,6440
2023-05-20,Laptop,West,9,668,6012
2023-02-06,Tablet,South,4,317,1268
2023-06-09,Monitor,North,4,301,1204
2023-01-09,Smartphone,East,8,116,928
2023-04-09,Smartphone,West,2,421,842
2023-05-27,Headphones,East,9,617,5553
2023-02-17,Headphones,West,14,1448,20272
2023-05-11,Smartphone,South,9,1441,12969
2023-05-28,Headphones,North,16,780,12480
2023-06-01,Tablet,West,17,1205,20485
2023-02-23,Smartphone,West,16,524,8384
2023-04-30,Headphones,West,12,1327,15924
2023-06-10,Smartphone,West,3,1118,3354
2023-06-01,Monitor,North,11,486,5346
2023-04-26,Laptop,North,14,877,12278
2023-03-16,Smartphone,South,18,197,3546
2023-04-23,Laptop,North,5,1468,7340
2023-06-13,Headphones,West,16,307,4912
2023-06-15,Laptop,South,5,685,3425
2023-04-14,Smartphone,South,3,265,795
2023-03-25,Monitor,South,12,121,1452
2023-04-22,Headphones,West,1,253,253
2023-04-09,Smartphone,East,9,1418,12762
2023-06-02,Headphones,West,9,318,2862
2023-04-03,Tablet,North,4,768,3072
2023-05-26,Laptop,North,3,329,987
2023-05-08,Tablet,West,17,119,2023
2023-04-20,Smartphone,West,2,652,1304
2023-03-23,Monitor,South,1,1049,1049
2023-02-23,Headphones,West,8,247,1976
2023-06-12,Laptop,South,13,1231,16003
2023-06-18,Headphones,North,15,502,7530
2023-06-10,Smartphone,South,8,695,5560
2023-03-09,Headphones,West,12,466,5592
2023-02-02,Laptop,North,12,1432,17184
2023-05-22,Smartphone,East,14,901,12614
2023-01-21,Headphones,South,15,1017,15255
2023-02-17,Monitor,North,15,1257,18855
2023-05-28,Smartphone,South,9,1406,12654
2023-05-08,Smartphone,North,19,172,3268
2023-05-16,Monitor,North,8,580,4640
2023-05-15,Tablet,South,19,1475,28025
2023-05-25,Laptop,East,6,659,3954
2023-05-08,Tablet,North,19,1449,27531
2023-02-02,Headphones,North,4,844,3376
2023-06-25,Monitor,North,7,199,1393
2023-04-25,Tablet,East,4,1182,4728
2023-04-29,Smartphone,East,12,607,7284
2023-01-22,Headphones,West,13,357,4641
2023-06-07,Headphones,South,3,512,1536
2023-02-07,Tablet,East,12,1188,14256
2023-04-19,Tablet,South,2,694,1388
2023-02-20,Monitor,West,2,1277,2554
2023-01-08,Laptop,South,9,365,3285
2023-01-27,Tablet,East,1,920,920
2023-01-27,Tablet,South,8,1202,9616
2023-01-21,Smartphone,East,6,1438,8628
2023-01-30,Headphones,South,6,761,4566
2023-04-07,Laptop,East,18,1046,18828
2023-01-28,Smartphone,East,17,659,11203
2023-04-21,Monitor,South,12,1016,12192
2023-03-02,Monitor,West,6,990,5940
2023-02-17,Tablet,North,8,1371,10968
2023-05-27,Tablet,West,19,967,18373
2023-01-04,Monitor,South,10,709,7090
2023-02-04,Tablet,West,1,513,513
2023-02-18,Laptop,East,13,124,1612
2023-01-17,Tablet,North,17,383,6511
2023-06-21,Headphones,South,3,980,2940
2023-06-07,Tablet,South,8,400,3200
2023-02-15,Smartphone,South,14,1191,16674
2023-04-27,Laptop,North,3,1130,3390
2023-01-06,Smartphone,East,16,916,14656
2023-04-09,Smartphone,South,13,1260,16380
2023-05-04,Headphones,West,17,1287,21879
2023-02-06,Laptop,South,13,182,2366
2023-01-24,Laptop,South,6,1196,7176
2023-04-03,Laptop,South,17,1360,23120
2023-02-15,Laptop,South,14,145,2030
2023-04-05,Laptop,East,17,717,12189
2023-04-09,Headphones,West,8,1027,8216
2023-04-26,Tablet,East,11,361,3971
2023-06-09,Smartphone,West,1,275,275
2023-06-10,Laptop,South,7,1289,9023
2023-03-08,Tablet,North,17,756,12852
2023-05-08,Tablet,East,10,941,9410
2023-01-18,Smartphone,North,11,469,5159
2023-01-25,Headphones,East,9,153,1377
2023-02-23,Monitor,South,9,789,7101
2023-02-27,Monitor,East,5,1464,7320
2023-03-08,Tablet,South,17,1250,21250
2023-04-14,Smartphone,East,9,466,4194
2023-06-23,Monitor,South,17,1394,23698
2023-01-24,Tablet,South,19,743,14117
2023-04-24,Headphones,West,7,478,3346
2023-02-01,Monitor,South,9,172,1548
2023-06-24,Tablet,West,7,1014,7098
2023-03-27,Tablet,South,13,1371,17823
2023-05-31,Laptop,North,11,959,10549
2023-05-07,Headphones,South,14,142,1988
2023-06-04,Laptop,North,19,476,9044
2023-05-10,Smartphone,North,11,1164,12804
2023-01-17,Laptop,South,13,269,3497
2023-04-14,Laptop,North,14,311,4354
2023-06-10,Monitor,West,13,138,1794
2023-05-17,Tablet,East,1,468,468
2023-02-12,Headphones,South,8,856,6848
2023-06-25,Laptop,North,12,250,3000
2023-02-08,Headphones,South,19,1234,23446
2023-06-19,Laptop,West,12,1170,14040
2023-01-26,Smartphone,South,8,1123,8984
2023-04-09,Laptop,South,8,836,6688
2023-02-19,Monitor,North,13,1489,19357
2023-06-02,Tablet,West,12,168,2016
2023-06-01,Smartphone,East,16,398,6368
2023-01-13,Laptop,East,1,1043,1043
2023-03-01,Headphones,North,13,901,11713
2023-05-15,Smartphone,South,7,395,2765
2023-02-26,Smartphone,North,5,302,1510
2023-02-05,Laptop,North,8,160,1280
2023-06-22,Smartphone,North,14,1045,14630
2023-01-20,Headphones,South,13,1062,13806
2023-03-06,Smartphone,West,15,1437,21555
2023-01-08,Headphones,North,17,1284,21828
2023-05-24,Laptop,South,15,430,6450
2023-05-22,Tablet,West,18,437,7866
2023-04-25,Smartphone,North,18,1427,25686
2023-05-23,Tablet,East,2,1461,2922
2023-04-02,Headphones,West,4,738,2952
2023-04-08,Smartphone,North,1,374,374
2023-03-07,Monitor,West,4,1287,5148
2023-02-01,Tablet,West,18,418,7524
2023-03-27,Smartphone,West,5,688,3440
2023-02-20,Tablet,West,19,603,11457
2023-06-02,Smartphone,West,15,486,7290
2023-03-04,Laptop,West,8,969,7752
2023-05-05,Tablet,North,17,932,15844
2023-05-30,Monitor,East,1,1114,1114
2023-02-27,Monitor,South,12,702,8424
2023-02-27,Headphones,West,19,790,15010
2023-03-27,Smartphone,South,15,593,8895
2023-02-18,Tablet,North,9,589,5301
2023-06-29,Headphones,West,7,820,5740
2023-06-19,Tablet,East,2,1196,2392
2023-03-11,Smartphone,South,9,608,5472
2023-01-15,Monitor,West,10,489,4890
2023-02-23,Laptop,North,2,394,788
2023-04-11,Monitor,East,19,1492,28348
2023-01-08,Headphones,South,11,895,9845
2023-02-22,Laptop,South,13,964,12532
2023-03-01,Headphones,West,10,648,6480
2023-04-18,Smartphone,East,14,748,10472
2023-01-05,Laptop,East,18,667,12006
2023-04-13,Headphones,East,19,1310,24890
2023-01-06,Smartphone,East,9,952,8568
2023-04-19,Monitor,North,7,869,6083
2023-04-26,Smartphone,East,3,544,1632
2023-04-04,Tablet,South,6,462,2772
2023-02-16,Smartphone,South,2,222,444
2023-04-09,Smartphone,North,6,1311,7866
2023-02-24,Tablet,South,3,841,2523
2023-06-17,Headphones,South,16,779,12464
2023-02-21,Headphones,East,8,519,4152
2023-05-24,Smartphone,South,2,1375,2750
2023-01-13,Tablet,North,17,1458,24786
2023-04-24,Tablet,East,9,191,1719
2023-05-04,Monitor,West,12,162,1944
2023-04-16,Headphones,East,3,611,1833
2023-06-07,Laptop,North,11,1262,13882
2023-05-27,Headphones,East,1,1308,1308
2023-05-25,Headphones,East,13,1328,17264
2023-04-30,Monitor,North,15,871,13065
2023-03-04,Laptop,East,5,1337,6685
2023-01-19,Monitor,North,17,355,6035
2023-04-02,Laptop,North,6,234,1404
2023-02-27,Smartphone,West,11,974,10714
2023-03-31,Laptop,South,18,921,16578
2023-04-27,Monitor,South,4,187,748
2023-03-03,Headphones,East,3,1087,3261
2023-01-23,Laptop,East,13,1330,17290
2023-05-07,Laptop,West,9,1252,11268
2023-05-17,Tablet,West,6,922,5532
2023-05-20,Headphones,West,12,1126,13512
2023-05-09,Smartphone,North,2,1073,2146
2023-02-27,Monitor,West,3,1033,3099
2023-05-02,Smartphone,West,3,220,660
2023-01-01,Headphones,East,12,1161,13932
2023-02-03,Laptop,West,15,1464,21960
2023-04-06,Laptop,North,9,1107,9963
2023-05-06,Headphones,North,8,1024,8192
2023-04-28,Laptop,East,11,744,8184
2023-02-17,Laptop,West,16,813,13008
2023-03-30,Laptop,West,4,959,3836
2023-04-27,Monitor,North,1,120,120
2023-05-09,Monitor,West,7,341,2387
2023-01-16,Tablet,West,2,554,1108
2023-03-10,Smartphone,West,5,1062,5310
2023-01-22,Headphones,South,7,720,5040
2023-04-03,Headphones,East,4,402,1608
2023-03-17,Headphones,South,5,902,4510
2023-06-03,Tablet,East,1,1063,1063
2023-05-24,Monitor,North,1,168,168
2023-06-28,Tablet,West,15,1252,18780
2023-03-27,Headphones,East,19,295,5605
2023-01-29,Smartphone,South,10,239,2390
2023-03-10,Laptop,West,18,382,6876
2023-02-16,Monitor,North,3,411,1233
2023-04-04,Monitor,East,11,845,9295
2023-05-24,Tablet,East,15,376,5640
2023-06-25,Monitor,East,11,160,1760
2023-03-26,Headphones,West,17,1442,24514
2023-02-08,Headphones,South,17,151,2567
2023-04-10,Tablet,South,6,252,1512
2023-02-02,Headphones,East,5,1434,7170
2023-04-11,Smartphone,North,8,643,5144
2023-01-23,Tablet,North,2,666,1332
2023-01-10,Smartphone,South,16,721,11536
2023-03-10,Laptop,North,12,1300,15600
2023-04-10,Smartphone,South,6,1485,8910
2023-02-03,Laptop,East,1,413,413
2023-06-29,Laptop,South,4,906,3624
2023-05-18,Smartphone,South,17,947,16099
2023-05-27,Tablet,East,13,196,2548
2023-04-06,Headphones,North,18,980,17640
2023-01-01,Headphones,South,5,1336,6680
2023-03-10,Laptop,South,3,928,2784
2023-01-04,Laptop,East,11,236,2596
2023-01-16,Tablet,North,13,1129,14677
2023-01-24,Monitor,South,4,1110,4440
2023-03-21,Smartphone,East,14,208,2912
2023-01-02,Laptop,South,11,646,7106
2023-05-08,Headphones,West,10,1162,11620
2023-06-09,Tablet,East,19,761,14459
2023-03-25,Smartphone,North,18,524,9432
2023-06-01,Tablet,North,6,729,4374
2023-05-20,Smartphone,North,15,360,5400
2023-06-27,Smartphone,North,10,186,1860
2023-06-12,Laptop,South,5,564,2820
2023-05-04,Tablet,South,5,175,875
2023-02-02,Tablet,North,10,570,5700
2023-06-10,Headphones,North,5,513,2565
2023-06-28,Headphones,North,3,924,2772
2023-06-20,Laptop,South,6,994,5964
2023-04-11,Laptop,North,4,825,3300
2023-01-12,Monitor,North,18,556,10008
2023-03-08,Headphones,West,9,1408,12672
2023-03-06,Smartphone,West,17,1362,23154
2023-06-10,Tablet,North,13,752,9776
2023-06-17,Laptop,East,15,771,11565
2023-03-15,Tablet,North,17,1495,25415
2023-02-12,Tablet,West,13,594,7722
2023-02-13,Monitor,East,16,1168,18688
2023-01-29,Headphones,East,4,1370,5480
2023-05-21,Laptop,North,5,696,3480
2023-01-12,Tablet,West,5,549,2745
2023-04-05,Laptop,West,9,584,5256
2023-02-15,Smartphone,East,17,745,12665
2023-05-10,Monitor,North,13,719,9347
2023-02-04,Smartphone,South,2,1141,2282
2023-03-22,Laptop,South,13,761,9893
2023-03-31,Laptop,West,19,857,16283
2023-01-08,Headphones,South,3,388,1164
2023-04-03,Tablet,West,10,820,8200
2023-06-03,Tablet,West,2,737,1474
2023-03-31,Smartphone,West,13,334,4342
2023-06-11,Monitor,South,19,515,9785
2023-04-25,Tablet,West,17,1037,17629
2023-04-15,Headphones,East,14,598,8372
2023-05-15,Smartphone,North,12,1073,12876
2023-02-27,Smartphone,North,12,733,8796
2023-04-24,Headphones,West,11,1119,12309
2023-03-16,Monitor,North,7,214,1498
2023-06-06,Headphones,South,4,1031,4124
2023-04-30,Monitor,South,19,773,14687
2023-06-13,Headphones,North,1,1357,1357
2023-01-21,Headphones,South,3,1134,3402
2023-06-13,Laptop,North,13,305,3965
2023-05-18,Smartphone,North,15,346,5190
2023-04-11,Headphones,North,2,857,1714
2023-06-01,Headphones,West,11,1250,13750
2023-06-26,Tablet,North,4,246,984
2023-04-09,Smartphone,West,19,217,4123
2023-02-05,Tablet,North,17,511,8687
2023-04-06,Smartphone,North,3,462,1386
2023-06-01,Tablet,North,18,236,4248
2023-05-31,Headphones,South,8,1298,10384
2023-02-06,Headphones,West,19,1412,26828
2023-01-12,Laptop,West,5,1057,5285
2023-04-23,Tablet,North,7,118,826
2023-01-13,Monitor,North,8,294,2352
2023-01-23,Laptop,South,5,429,2145
2023-04-09,Tablet,South,17,274,4658
2023-04-15,Tablet,South,5,1101,5505
2023-01-30,Laptop,West,4,548,2192
2023-01-17,Headphones,West,19,1045,19855
2023-04-23,Tablet,West,2,1477,2954
2023-03-03,Headphones,North,11,240,2640
2023-03-25,Laptop,West,13,857,11141
2023-04-22,Headphones,East,15,1029,15435
2023-03-27,Smartphone,East,12,192,2304
2023-05-21,Monitor,South,11,338,3718
2023-01-19,Tablet,West,7,304,2128
2023-06-26,Monitor,East,5,659,3295
2023-04-10,Headphones,South,17,344,5848
2023-05-20,Tablet,West,9,931,8379
2023-05-27,Headphones,North,14,1440,20160
2023-03-17,Smartphone,East,12,1024,12288
2023-01-09,Laptop,North,6,394,2364
2023-01-28,Tablet,West,17,739,12563
2023-05-08,Smartphone,East,19,955,18145
2023-02-21,Smartphone,West,19,1405,26695
2023-03-24,Tablet,North,16,116,1856
2023-04-21,Headphones,East,12,170,2040
2023-05-24,Smartphone,North,12,1392,16704
2023-04-27,Monitor,West,6,1448,8688
2023-03-10,Smartphone,West,4,404,1616
2023-04-09,Headphones,North,6,1130,6780
2023-05-20,Headphones,East,11,1437,15807
2023-01-25,Monitor,North,1,916,916
2023-06-29,Smartphone,West,15,1226,18390
2023-05-03,Headphones,North,11,920,10120
2023-02-22,Tablet,West,19,292,5548
2023-05-31,Laptop,North,18,628,11304
2023-05-24,Laptop,East,17,270,4590
2023-02-26,Laptop,East,19,350,6650
2023-02-08,Smartphone,North,14,1330,18620
2023-04-19,Monitor,North,18,640,11520
2023-02-11,Headphones,East,19,515,9785
2023-06-16,Tablet,West,15,893,13395
2023-05-22,Tablet,East,15,1267,19005
2023-05-02,Smartphone,West,4,124,496
2023-05-13,Laptop,North,7,767,5369
2023-06-12,Smartphone,North,13,1196,15548
2023-03-16,Monitor,West,3,731,2193
2023-05-26,Monitor,North,16,1216,19456
2023-03-17,Headphones,West,9,604,5436
2023-01-09,Headphones,South,8,435,3480
2023-03-15,Monitor,East,13,524,6812
2023-05-25,Monitor,South,17,598,10166
2023-01-07,Monitor,West,17,1487,25279
2023-06-23,Smartphone,East,17,1046,17782
2023-05-21,Monitor,West,1,729,729
2023-06-17,Tablet,East,8,1322,10576
2023-06-19,Laptop,East,19,817,15523
2023-05-17,Monitor,East,6,438,2628
2023-06-27,Laptop,East,3,758,2274
2023-01-27,Smartphone,West,5,1061,5305
2023-05-02,Laptop,East,13,528,6864
2023-01-05,Smartphone,East,15,998,14970
2023-01-29,Tablet,South,14,238,3332
2023-06-14,Smartphone,North,16,1041,16656
2023-06-15,Smartphone,North,18,641,11538
2023-03-24,Headphones,South,11,156,1716
2023-05-16,Monitor,South,3,1355,4065
2023-04-19,Monitor,West,10,757,7570
2023-03-06,Tablet,West,10,534,5340
2023-03-27,Tablet,West,16,483,7728
2023-05-25,Monitor,South,12,659,7908
2023-03-12,Headphones,South,2,293,586
2023-02-14,Monitor,East,9,633,5697
2023-05-12,Headphones,West,3,617,1851
2023-02-05,Tablet,West,15,815,12225
2023-03-11,Laptop,West,3,850,2550
2023-06-08,Tablet,North,19,284,5396
2023-01-19,Tablet,East,18,391,7038
2023-04-18,Smartphone,West,8,1458,11664
2023-06-16,Smartphone,West,17,831,14127
2023-04-01,Smartphone,West,8,215,1720
2023-03-31,Smartphone,North,7,924,6468
2023-01-19,Headphones,North,7,1172,8204
2023-02-08,Monitor,South,3,784,2352
2023-05-06,Laptop,East,1,181,181
2023-06-22,Tablet,South,4,933,3732
2023-05-21,Headphones,East,5,432,2160
2023-05-06,Laptop,North,1,656,656
2023-02-27,Headphones,West,15,434,6510
2023-05-28,Headphones,South,5,631,3155
2023-03-02,Tablet,West,13,320,4160
2023-05-07,Monitor,South,8,734,5872
2023-04-15,Smartphone,North,8,422,3376
2023-06-16,Monitor,North,5,102,510
2023-01-01,Tablet,North,9,305,2745
2023-05-11,Tablet,South,1,139,139
2023-04-02,Tablet,East,4,158,632
2023-04-23,Laptop,South,3,1050,3150
2023-06-02,Monitor,East,2,673,1346
2023-02-25,Monitor,South,8,743,5944
2023-06-10,Headphones,South,9,942,8478
2023-06-15,Headphones,North,2,1245,2490
2023-04-27,Headphones,West,14,718,10052
2023-05-14,Tablet,West,14,195,2730
2023-02-27,Monitor,East,4,1358,5432
2023-02-13,Tablet,West,6,997,5982
2023-06-22,Laptop,South,11,1185,13035
2023-06-09,Headphones,South,3,1379,4137
2023-06-22,Tablet,North,8,660,5280
2023-03-02,Tablet,North,3,1004,3012
2023-02-16,Laptop,West,14,447,6258
2023-05-29,Smartphone,East,13,770,10010
2023-03-21,Monitor,West,13,1247,16211
2023-04-28,Smartphone,West,2,416,832
2023-06-13,Headphones,West,13,818,10634
2023-05-27,Tablet,West,19,1171,22249
2023-01-20,Laptop,South,6,1259,7554
2023-05-26,Laptop,East,16,1324,21184
2023-02-16,Monitor,South,2,349,698
2023-02-18,Smartphone,East,8,413,3304
2023-01-14,Monitor,North,17,1491,25347
2023-05-23,Tablet,West,2,906,1812
2023-06-08,Monitor,South,10,1437,14370
2023-01-01,Laptop,East,16,1478,23648
2023-04-27,Laptop,North,6,584,3504
2023-02-23,Headphones,North,2,1334,2668
2023-04-28,Headphones,West,2,143,286
2023-01-03,Tablet,East,13,670,8710
2023-05-24,Smartphone,South,15,682,10230
2023-01-12,Monitor,West,2,1215,2430
2023-03-15,Tablet,South,7,1388,9716
2023-01-16,Headphones,North,3,994,2982
2023-04-12,Monitor,South,8,319,2552
2023-06-01,Headphones,South,14,1024,14336
2023-06-05,Monitor,West,7,500,3500
2023-04-27,Smartphone,South,7,826,5782
2023-01-08,Tablet,West,1,1090,1090
2023-05-02,Monitor,North,17,998,16966
2023-04-02,Laptop,West,9,957,8613
2023-06-13,Laptop,West,13,903,11739
2023-03-31,Monitor,East,19,589,11191
2023-05-16,Monitor,South,19,1037,19703
2023-03-01,Monitor,North,17,943,16031
2023-06-27,Laptop,West,10,1392,13920
2023-01-28,Laptop,North,10,366,3660
2023-04-11,Monitor,East,4,153,612
2023-02-10,Headphones,South,8,627,5016
2023-06-04,Headphones,West,18,715,12870
2023-05-25,Smartphone,South,14,1182,16548
2023-06-10,Tablet,East,18,1163,20934
2023-06-06,Headphones,East,14,1360,19040
2023-05-21,Laptop,North,15,1054,15810
2023-02-15,Headphones,West,4,485,1940
2023-02-04,Smartphone,North,13,833,10829
2023-05-14,Smartphone,East,8,815,6520
2023-03-23,Tablet,South,18,749,13482
2023-04-25,Headphones,North,12,399,4788
2023-02-16,Laptop,North,14,494,6916
2023-06-02,Laptop,South,2,1330,2660
2023-01-10,Monitor,North,18,1459,26262
2023-02-25,Laptop,South,2,692,1384
2023-01-30,Tablet,West,11,613,6743
2023-04-19,Tablet,South,9,1301,11709
2023-01-05,Laptop,West,12,495,5940
2023-04-29,Laptop,South,17,470,7990
2023-02-02,Monitor,East,15,957,14355
2023-04-28,Laptop,East,17,890,15130
2023-03-06,Monitor,West,18,757,13626
2023-05-26,Monitor,West,6,1441,8646
2023-06-26,Laptop,East,17,835,14195
2023-01-11,Smartphone,West,18,1492,26856
2023-03-26,Smartphone,South,8,483,3864
2023-01-26,Monitor,South,9,161,1449
2023-03-04,Laptop,East,6,604,3624
2023-03-27,Smartphone,North,5,338,1690
2023-02-28,Laptop,South,12,294,3528
2023-01-27,Laptop,West,11,777,8547
2023-06-26,Laptop,North,1,1345,1345
2023-06-10,Headphones,North,11,160,1760
2023-04-08,Laptop,South,19,1252,23788
2023-04-15,Headphones,South,9,1089,9801
2023-04-09,Monitor,North,2,784,1568
2023-05-09,Smartphone,North,12,255,3060
2023-05-29,Smartphone,East,4,1022,4088
2023-02-24,Smartphone,West,4,967,3868
2023-01-06,Smartphone,East,18,1002,18036
2023-04-05,Smartphone,South,15,1098,16470
2023-05-13,Smartphone,East,19,1074,20406
2023-04-12,Smartphone,East,13,1330,17290
2023-01-03,Monitor,East,19,487,9253
2023-01-23,Laptop,East,17,986,16762
2023-02-22,Tablet,West,6,937,5622
2023-06-14,Headphones,West,16,1463,23408
2023-03-24,Tablet,North,12,439,5268
2023-05-25,Tablet,South,19,303,5757
2023-03-26,Laptop,East,5,260,1300
2023-03-19,Laptop,North,17,491,8347
2023-04-20,Laptop,North,1,868,868
2023-01-01,Smartphone,North,10,674,6740
2023-02-20,Monitor,West,15,633,9495
2023-06-22,Smartphone,East,11,1193,13123
2023-01-04,Monitor,East,13,992,12896
2023-04-23,Monitor,South,5,504,2520
2023-02-01,Tablet,East,1,707,707
2023-02-03,Tablet,East,12,927,11124
2023-04-02,Monitor,North,11,1243,13673
2023-04-05,Monitor,South,17,789,13413
2023-03-13,Smartphone,East,4,1001,4004
2023-02-08,Smartphone,West,15,1340,20100
2023-06-03,Tablet,East,9,155,1395
2023-06-11,Laptop,North,19,465,8835
2023-04-28,Monitor,West,19,554,10526
2023-01-03,Smartphone,North,12,203,2436
2023-05-03,Tablet,East,5,176,880
2023-02-19,Smartphone,West,10,329,3290
2023-01-12,Monitor,South,17,1381,23477
2023-02-23,Monitor,South,5,1387,6935
2023-05-13,Headphones,West,16,430,6880
2023-02-26,Laptop,West,7,1305,9135
2023-05-25,Headphones,North,9,992,8928
2023-04-22,Tablet,West,3,787,2361
2023-02-16,Smartphone,North,15,126,1890
2023-05-31,Tablet,East,16,1399,22384
2023-03-26,Monitor,North,18,398,7164
2023-05-22,Headphones,West,14,1056,14784
2023-03-07,Headphones,West,3,898,2694
2023-03-16,Headphones,East,12,1214,14568
2023-06-28,Tablet,West,9,579,5211
2023-04-13,Monitor,West,7,672,4704
2023-06-15,Smartphone,South,9,557,5013
2023-02-07,Smartphone,South,13,464,6032
2023-02-19,Tablet,East,18,958,17244
2023-04-08,Headphones,North,5,450,2250
2023-03-23,Laptop,South,13,352,4576
2023-01-30,Tablet,North,4,880,3520
2023-03-20,Tablet,West,2,902,1804
2023-04-01,Monitor,South,16,1111,17776
2023-06-28,Smartphone,East,9,558,5022
2023-02-21,Tablet,East,9,1016,9144
2023-06-15,Tablet,East,6,598,3588
2023-03-20,Headphones,South,11,1049,11539
2023-01-30,Headphones,North,1,607,607
2023-04-16,Laptop,West,4,1427,5708
2023-02-20,Monitor,North,13,600,7800
2023-03-22,Laptop,North,13,902,11726
2023-05-13,Headphones,West,13,697,9061
2023-01-29,Smartphone,West,2,265,530
2023-05-12,Headphones,South,9,561,5049
2023-05-18,Monitor,South,8,1019,8152
2023-05-25,Headphones,South,7,213,1491
2023-03-15,Monitor,South,4,1091,4364
2023-01-17,Monitor,South,18,1479,26622
2023-03-25,Monitor,West,3,306,918
2023-03-10,Monitor,North,6,1358,8148
2023-02-03,Monitor,South,12,1478,17736
2023-01-06,Smartphone,South,12,614,7368
2023-02-22,Laptop,North,8,1331,10648
2023-05-06,Tablet,South,1,808,808
2023-02-12,Laptop,North,4,1248,4992
2023-04-25,Monitor,North,11,237,2607
2023-04-21,Smartphone,West,3,438,1314
2023-05-31,Headphones,East,13,636,8268
2023-03-21,Smartphone,West,17,167,2839
2023-04-05,Monitor,East,10,482,4820
2023-04-28,Smartphone,East,12,118,1416
2023-05-24,Smartphone,East,15,782,11730
2023-01-08,Monitor,South,10,173,1730
2023-05-12,Smartphone,West,14,672,9408
2023-04-14,Tablet,East,13,1038,13494
2023-05-12,Tablet,North,5,1399,6995
2023-01-25,Smartphone,South,6,1171,7026
2023-04-06,Headphones,West,2,310,620
2023-06-04,Monitor,East,17,954,16218
2023-04-03,Tablet,North,4,750,3000
2023-06-09,Headphones,West,14,1093,15302
2023-06-27,Smartphone,West,10,794,7940
2023-03-02,Headphones,South,3,639,1917
2023-05-02,Laptop,West,3,1314,3942
2023-02-20,Tablet,South,15,1438,21570
2023-05-27,Smartphone,East,6,1000,6000
2023-01-21,Monitor,South,17,879,14943
2023-01-05,Smartphone,North,12,1236,14832
2023-04-02,Monitor,South,11,269,2959
2023-06-19,Smartphone,North,4,1137,4548
2023-03-02,Headphones,South,6,387,2322
2023-01-22,Headphones,West,1,288,288
2023-05-29,Headphones,East,16,1013,16208
2023-03-11,Laptop,North,15,1278,19170
2023-01-01,Monitor,South,17,793,13481
2023-05-13,Headphones,South,8,987,7896
2023-01-12,Laptop,South,12,570,6840
2023-03-31,Monitor,West,10,1198,11980
2023-02-15,Smartphone,West,15,376,5640
2023-02-03,Laptop,North,9,1039,9351
2023-06-26,Tablet,North,2,1466,2932
2023-03-19,Laptop,West,5,670,3350
2023-02-14,Laptop,North,6,956,5736
2023-06-04,Monitor,East,7,1100,7700
2023-03-14,Smartphone,East,1,1305,1305
2023-01-26,Tablet,West,7,557,3899
2023-02-16,Headphones,North,12,1017,12204
2023-05-01,Headphones,South,16,932,14912
2023-02-25,Laptop,East,16,1187,18992
2023-04-04,Monitor,West,11,938,10318
2023-04-17,Monitor,North,4,1383,5532
2023-03-04,Headphones,West,13,292,3796
2023-02-17,Tablet,South,7,715,5005
2023-03-02,Smartphone,East,4,505,2020
2023-03-22,Tablet,West,15,1042,15630
2023-01-26,Smartphone,West,19,820,15580
2023-02-05,Headphones,West,9,192,1728
2023-01-01,Smartphone,South,11,529,5819
2023-01-08,Monitor,West,8,753,6024
2023-04-23,Laptop,South,1,533,533
2023-04-09,Laptop,South,8,1235,9880
2023-06-29,Headphones,South,13,474,6162
2023-02-16,Monitor,East,4,1182,4728
2023-05-07,Tablet,East,8,1166,9328
2023-02-25,Monitor,West,3,306,918
2023-01-14,Laptop,West,9,879,7911
2023-01-28,Laptop,East,2,1419,2838
2023-03-19,Monitor,North,2,1241,2482
2023-05-10,Monitor,East,13,631,8203
2023-04-19,Laptop,South,15,1345,20175
2023-06-03,Tablet,East,12,265,3180
2023-01-14,Headphones,South,4,742,2968
2023-02-25,Headphones,West,8,1279,10232
2023-04-25,Monitor,North,9,1307,11763
2023-01-07,Headphones,West,5,189,945
2023-01-03,Laptop,South,18,1217,21906
2023-04-21,Laptop,South,11,112,1232
2023-05-31,Monitor,South,15,1072,16080
2023-04-17,Monitor,North,9,904,8136
2023-01-18,Monitor,East,17,1044,17748
2023-02-07,Tablet,West,12,841,10092
2023-04-25,Headphones,West,7,975,6825
2023-01-15,Monitor,East,10,1273,12730
2023-04-29,Smartphone,West,10,759,7590
2023-01-28,Smartphone,North,13,1131,14703
2023-02-08,Laptop,West,19,1152,21888
2023-01-17,Headphones,South,11,395,4345
2023-03-27,Monitor,East,13,1085,14105
2023-05-06,Smartphone,North,8,1025,8200
2023-02-13,Headphones,East,8,739,5912
2023-01-25,Laptop,North,4,439,1756
2023-05-25,Tablet,South,15,727,10905
2023-01-13,Headphones,East,11,538,5918
2023-01-25,Headphones,West,11,1267,13937
2023-03-09,Tablet,North,1,1041,1041
2023-05-18,Headphones,East,17,929,15793
2023-03-08,Laptop,West,15,618,9270
2023-04-19,Laptop,East,6,1075,6450
2023-05-26,Tablet,East,15,1168,17520
2023-04-21,Monitor,East,9,1054,9486
2023-04-21,Smartphone,North,14,1362,19068
2023-02-03,Monitor,West,18,1051,18918
2023-04-21,Headphones,South,17,1043,17731
2023-01-08,Smartphone,North,18,254,4572
2023-06-17,Tablet,North,5,1304,6520
2023-04-23,Tablet,North,9,1338,12042
2023-03-24,Smartphone,South,11,187,2057
2023-02-11,Laptop,West,1,1379,1379
2023-06-18,Smartphone,West,18,1196,21528
2023-04-11,Headphones,West,6,1030,6180
2023-01-06,Laptop,East,2,278,556
2023-06-29,Tablet,East,15,311,4665
2023-01-26,Smartphone,East,14,1357,18998
2023-03-05,Monitor,South,5,564,2820
2023-02-28,Monitor,East,6,1346,8076
2023-04-19,Headphones,South,6,730,4380
2023-05-01,Monitor,West,18,924,16632
2023-02-02,Smartphone,East,14,1387,19418
2023-05-30,Smartphone,East,10,1330,13300
2023-01-21,Monitor,North,14,706,9884
2023-03-11,Smartphone,South,13,984,12792
2023-04-22,Headphones,West,3,465,1395
2023-01-04,Laptop,North,6,375,2250
2023-04-04,Headphones,North,8,479,3832
2023-03-16,Headphones,West,12,1432,17184
2023-03-03,Smartphone,North,13,1391,18083
2023-04-04,Laptop,South,11,1044,11484
2023-04-05,Smartphone,South,12,1187,14244
2023-06-01,Tablet,East,1,909,909
2023-02-24,Smartphone,North,17,1473,25041
2023-05-17,Smartphone,East,16,1024,16384
2023-05-11,Smartphone,North,11,593,6523
2023-01-31,Laptop,South,13,1221,15873
2023-02-09,Smartphone,South,18,1194,21492
2023-02-05,Laptop,South,11,463,5093
2023-06-01,Monitor,North,12,669,8028
2023-01-06,Tablet,South,6,862,5172
2023-03-07,Laptop,North,9,375,3375
2023-03-16,Monitor,East,16,149,2384
2023-01-04,Laptop,North,4,1481,5924
2023-03-20,Laptop,East,3,827,2481
2023-05-14,Tablet,North,16,1005,16080
2023-04-28,Headphones,East,12,1027,12324
2023-04-23,Headphones,South,11,663,7293
2023-04-04,Laptop,East,5,882,4410
2023-06-28,Smartphone,South,18,584,10512
2023-03-03,Monitor,South,19,1207,22933
2023-03-20,Smartphone,East,6,683,4098
2023-05-16,Smartphone,North,18,1419,25542
2023-01-26,Laptop,North,6,335,2010
2023-06-28,Laptop,West,4,155,620
2023-06-22,Laptop,North,12,459,5508
2023-02-13,Laptop,West,19,209,3971
2023-05-13,Headphones,North,2,291,582
2023-03-11,Laptop,North,17,1003,17051
2023-06-03,Headphones,South,11,1216,13376
2023-04-28,Headphones,West,11,961,10571
2023-03-09,Laptop,North,16,667,10672
2023-01-19,Tablet,West,2,1183,2366
2023-01-20,Monitor,South,2,749,1498
2023-04-23,Smartphone,South,8,138,1104
2023-05-20,Headphones,West,13,1172,15236
2023-02-16,Monitor,South,10,736,7360
2023-01-01,Tablet,East,8,1136,9088
2023-03-31,Smartphone,East,4,135,540
2023-05-22,Smartphone,South,15,200,3000
2023-03-05,Headphones,East,1,1209,1209
2023-02-07,Laptop,North,11,1346,14806
2023-02-06,Tablet,West,7,1461,10227
2023-05-06,Headphones,North,17,265,4505
2023-05-19,Tablet,West,18,482,8676
2023-04-10,Laptop,South,12,1499,17988
2023-03-18,Laptop,North,9,889,8001
2023-01-03,Headphones,South,5,130,650
2023-06-10,Laptop,South,10,1498,14980
2023-05-14,Monitor,West,4,110,440
2023-06-27,Smartphone,West,5,1425,7125
2023-01-10,Headphones,West,10,195,1950
2023-01-05,Tablet,North,11,1313,14443
2023-05-31,Monitor,East,10,552,5520
2023-05-18,Headphones,West,8,291,2328
2023-06-21,Laptop,West,2,585,1170
2023-05-10,Laptop,North,8,1389,11112
2023-01-13,Laptop,West,16,1251,20016
2023-06-17,Laptop,North,5,337,1685
2023-05-10,Tablet,South,3,1478,4434
2023-03-25,Monitor,West,12,1235,14820
2023-03-06,Smartphone,West,13,1466,19058
2023-03-04,Tablet,South,13,1268,16484
2023-04-11,Tablet,South,10,1188,11880
2023-03-14,Smartphone,South,4,1370,5480
2023-01-17,Smartphone,West,9,834,7506
2023-01-09,Laptop,East,2,1090,2180
2023-05-23,Tablet,East,19,924,17556
2023-06-01,Headphones,East,1,205,205
2023-02-07,Smartphone,West,7,280,1960
2023-06-12,Smartphone,South,17,283,4811
2023-04-04,Monitor,West,3,325,975
2023-04-05,Headphones,South,3,876,2628
2023-02-18,Headphones,West,3,889,2667
2023-03-10,Smartphone,West,17,1212,20604
2023-03-03,Laptop,South,7,787,5509
2023-06-27,Monitor,East,14,629,8806
2023-03-19,Headphones,South,17,1494,25398
2023-04-27,Smartphone,North,18,1071,19278
2023-04-30,Headphones,North,13,1035,13455
2023-05-17,Monitor,South,18,205,3690
2023-06-11,Monitor,West,4,1394,5576
2023-03-17,Tablet,North,1,930,930
